{
  "$schema": "./node_modules/@angular/cli/lib/config/schema.json",
  "project": {
    "name": "azimuth"
  },
  "apps": [
    {
      "root": "src",
      "outDir": "dist",
      "assets": [
        "assets",
        "favicon.ico"
      ],
      "index": "index.html",
      "main": "main.ts",
      "polyfills": "polyfills.ts",
      "test": "test.ts",
      "tsconfig": "tsconfig.app.json",
      "testTsconfig": "tsconfig.spec.json",
      "prefix": "az",
      "styles": [ 
        "../node_modules/font-awesome/scss/font-awesome.scss",
	      "../node_modules/bootstrap/scss/bootstrap.scss",        
        "../node_modules/socicon/css/socicon.css",
        "../node_modules/metrojs/release/MetroJs.Full/MetroJs.css",
        "../node_modules/froala-editor/css/froala_editor.pkgd.min.css",
        "../node_modules/dragula/dist/dragula.min.css",
        "../node_modules/ngx-toastr/toastr.css",       
        "styles.scss"
      ],
      "scripts": [
        "../node_modules/jquery/dist/jquery.min.js",
        "../node_modules/jquery-ui-dist/jquery-ui.min.js",
        "../node_modules/popper.js/dist/umd/popper.min.js",
        "../node_modules/bootstrap/dist/js/bootstrap.min.js",
        "../node_modules/skycons/skycons.js",
        "../node_modules/jquery-knob/dist/jquery.knob.min.js",
        "../node_modules/d3/d3.min.js",
        "../node_modules/topojson/dist/topojson.min.js",
        "../node_modules/datamaps/dist/datamaps.all.hires.min.js",
        "../node_modules/moment/moment.js",
        "../node_modules/fullcalendar/dist/fullcalendar.min.js",       
        "../node_modules/dropzone/dist/dropzone.js",
        "../node_modules/froala-editor/js/froala_editor.pkgd.min.js"
      ],
      "environmentSource": "environments/environment.ts",
      "environments": {
        "dev": "environments/environment.ts",
        "prod": "environments/environment.prod.ts"
      }
    }
  ],
  "e2e": {
    "protractor": {
      "config": "./protractor.conf.js"
    }
  },
  "lint": [
    {
      "project": "src/tsconfig.app.json"
    },
    {
      "project": "src/tsconfig.spec.json"
    },
    {
      "project": "e2e/tsconfig.e2e.json"
    }
  ],
  "test": {
    "karma": {
      "config": "./karma.conf.js"
    }
  },
  "defaults": {
    "styleExt": "scss",
    "component": {}
  }
}
